<?xml version="1.0" encoding="UTF-8"?>
<UIStates>
    <Binder Show="Yes">
        <ShowCollections>No</ShowCollections>
        <SelectedCollection>0</SelectedCollection>
        <SubdocumentCounts>No</SubdocumentCounts>
        <ExpandedItems>
            <ItemID>FC4AD3F0-CD53-47CA-955A-450F9C3E3FC1</ItemID>
            <ItemID>C6B212E7-7D08-4862-8F19-B0F4C7167136</ItemID>
            <ItemID>C39FB4EC-0164-43CA-AD49-083A9B3F6904</ItemID>
            <ItemID>5FD6A08D-8CAD-4627-92DA-352785D020B9</ItemID>
            <ItemID>7BA31B0A-B5F8-44E3-8A2E-18D1311902FB</ItemID>
        </ExpandedItems>
        <Selection>
            <ItemID>1F825E4A-67E0-4C44-BB85-6CB47DCBA90F</ItemID>
        </Selection>
        <SearchResultsSort Titles="Ascending" Dates="Ascending">None</SearchResultsSort>
    </Binder>
    <Inspector Show="No" View="Notes">
        <ShowProjectBookmarks>No</ShowProjectBookmarks>
        <ShowSimilarTexts>No</ShowSimilarTexts>
        <Collapse>CustomMetaData</Collapse>
        <FootnoteNumbers Prompt="No">No</FootnoteNumbers>
    </Inspector>
    <Split>None</Split>
    <BinderAffects>Current</BinderAffects>
    <Labels>
        <Binder FullWidth="No">No</Binder>
        <Icons>No</Icons>
        <IndexCards>No</IndexCards>
        <OutlinerRows>No</OutlinerRows>
        <ScriveningsTitles>No</ScriveningsTitles>
    </Labels>
    <Corkboards>
        <LabelIndicators>Yes</LabelIndicators>
        <Stamps>No</Stamps>
        <Keywords>No</Keywords>
        <Numbers Restart="No">No</Numbers>
        <SnapToGrid>No</SnapToGrid>
        <BlankCardsAsGhosts>No</BlankCardsAsGhosts>
    </Corkboards>
    <Text>
        <ShowFormatBar>Yes</ShowFormatBar>
        <UseVerticalLayout>No</UseVerticalLayout>
        <ShowScriveningsTitles>No</ShowScriveningsTitles>
        <ShowInvisibles>No</ShowInvisibles>
        <RevisionMode>0</RevisionMode>
        <TextChecking>
            <Spelling>Yes</Spelling>
            <Grammar>No</Grammar>
            <SmartQuotes>Yes</SmartQuotes>
            <SmartDashes>Yes</SmartDashes>
        </TextChecking>
    </Text>
    <FullScreen>
        <ShowRuler>No</ShowRuler>
        <PageLayout Facing="No">No</PageLayout>
        <TypewriterScrolling>Yes</TypewriterScrolling>
    </FullScreen>
    <Editors Primary="Editor1" Active="Editor1">
        <Editor1>
            <View>
                <ShowHeader>Yes</ShowHeader>
                <ShowFooter>Yes</ShowFooter>
                <GroupsViewMode>Corkboard</GroupsViewMode>
                <CurrentViewMode>Single</CurrentViewMode>
                <SelectionAffects>Current</SelectionAffects>
                <Content>
                    <ItemID>1F825E4A-67E0-4C44-BB85-6CB47DCBA90F</ItemID>
                </Content>
                <NavigationHistory CurrentIndex="29">
                    <HistoryItem Type="BinderItems" ViewMode="Single">31AD73E2-2C69-476F-8DED-4BA57802A11F</HistoryItem>
                    <HistoryItem Type="BinderItems" ViewMode="Corkboard">FC4AD3F0-CD53-47CA-955A-450F9C3E3FC1</HistoryItem>
                    <HistoryItem Type="BinderItems" ViewMode="Corkboard">C6B212E7-7D08-4862-8F19-B0F4C7167136</HistoryItem>
                    <HistoryItem Type="BinderItems" ViewMode="Single">B0CDA850-285D-40FE-8184-CF3F2EBAA331</HistoryItem>
                    <HistoryItem Type="BinderItems" ViewMode="Single">3D2C0847-1B98-4E0C-8F6B-41DBD718D587</HistoryItem>
                    <HistoryItem Type="BinderItems" ViewMode="Single">B0CDA850-285D-40FE-8184-CF3F2EBAA331</HistoryItem>
                    <HistoryItem Type="BinderItems" ViewMode="Corkboard">C39FB4EC-0164-43CA-AD49-083A9B3F6904</HistoryItem>
                    <HistoryItem Type="BinderItems" ViewMode="Single">3D2C0847-1B98-4E0C-8F6B-41DBD718D587</HistoryItem>
                    <HistoryItem Type="BinderItems" ViewMode="Corkboard">C39FB4EC-0164-43CA-AD49-083A9B3F6904</HistoryItem>
                    <HistoryItem Type="BinderItems" ViewMode="Single">B0CDA850-285D-40FE-8184-CF3F2EBAA331</HistoryItem>
                    <HistoryItem Type="BinderItems" ViewMode="Corkboard">FC4AD3F0-CD53-47CA-955A-450F9C3E3FC1</HistoryItem>
                    <HistoryItem Type="BinderItems" ViewMode="Corkboard">7121FBD9-F03D-426D-8BCF-F2691BAE6814</HistoryItem>
                    <HistoryItem Type="BinderItems" ViewMode="Corkboard">C39FB4EC-0164-43CA-AD49-083A9B3F6904</HistoryItem>
                    <HistoryItem Type="BinderItems" ViewMode="Single">B0CDA850-285D-40FE-8184-CF3F2EBAA331</HistoryItem>
                    <HistoryItem Type="BinderItems" ViewMode="Corkboard">C6B212E7-7D08-4862-8F19-B0F4C7167136</HistoryItem>
                    <HistoryItem Type="BinderItems" ViewMode="Single">1D51E0B4-8D24-4437-9D03-2990358FC79E</HistoryItem>
                    <HistoryItem Type="BinderItems" ViewMode="Corkboard">FC4AD3F0-CD53-47CA-955A-450F9C3E3FC1</HistoryItem>
                    <HistoryItem Type="BinderItems" ViewMode="Single">1D51E0B4-8D24-4437-9D03-2990358FC79E</HistoryItem>
                    <HistoryItem Type="BinderItems" ViewMode="Single">1F825E4A-67E0-4C44-BB85-6CB47DCBA90F</HistoryItem>
                    <HistoryItem Type="BinderItems" ViewMode="Single">1D51E0B4-8D24-4437-9D03-2990358FC79E</HistoryItem>
                    <HistoryItem Type="BinderItems" ViewMode="Single">1F825E4A-67E0-4C44-BB85-6CB47DCBA90F</HistoryItem>
                    <HistoryItem Type="BinderItems" ViewMode="Single">B0CDA850-285D-40FE-8184-CF3F2EBAA331</HistoryItem>
                    <HistoryItem Type="BinderItems" ViewMode="Single">1D51E0B4-8D24-4437-9D03-2990358FC79E</HistoryItem>
                    <HistoryItem Type="BinderItems" ViewMode="Single">B0CDA850-285D-40FE-8184-CF3F2EBAA331</HistoryItem>
                    <HistoryItem Type="BinderItems" ViewMode="Single">1D51E0B4-8D24-4437-9D03-2990358FC79E</HistoryItem>
                    <HistoryItem Type="BinderItems" ViewMode="Single">1F825E4A-67E0-4C44-BB85-6CB47DCBA90F</HistoryItem>
                    <HistoryItem Type="BinderItems" ViewMode="Single">B0CDA850-285D-40FE-8184-CF3F2EBAA331</HistoryItem>
                    <HistoryItem Type="BinderItems" ViewMode="Single">1D51E0B4-8D24-4437-9D03-2990358FC79E</HistoryItem>
                    <HistoryItem Type="BinderItems" ViewMode="Corkboard">C6B212E7-7D08-4862-8F19-B0F4C7167136</HistoryItem>
                    <HistoryItem Type="BinderItems" ViewMode="Single">1F825E4A-67E0-4C44-BB85-6CB47DCBA90F</HistoryItem>
                </NavigationHistory>
            </View>
            <Text>
                <ShowRuler>No</ShowRuler>
                <PageLayout Facing="No">No</PageLayout>
                <TypewriterScrolling>No</TypewriterScrolling>
                <LineNumbers Interval="1">No</LineNumbers>
                <Selection>2369,285</Selection>
            </Text>
            <Outliner>
                <Columns>
                    <ColID>title</ColID>
                    <ColID>label</ColID>
                    <ColID>status</ColID>
                    <ColID>sectionType</ColID>
                </Columns>
                <TitlesOnly>No</TitlesOnly>
                <HideIcons>No</HideIcons>
                <ShowNumbers>No</ShowNumbers>
                <KeywordsAsChips>No</KeywordsAsChips>
                <FixedRowHeights>No</FixedRowHeights>
            </Outliner>
            <Corkboard>
                <CardsAcross>-1</CardsAcross>
                <KeywordChips>5</KeywordChips>
                <SizeCardsToFit>No</SizeCardsToFit>
                <CardHeightRatio>0.6666</CardHeightRatio>
                <SectionsArrangement>Wrap</SectionsArrangement>
                <LabelThreadsUseColumns>No</LabelThreadsUseColumns>
            </Corkboard>
            <Copyholder PreferredOrientation="Vertical" VerticalPos="Right" HorizontalPos="Top">
                <Content></Content>
                <Text>
                    <ShowRuler>No</ShowRuler>
                    <PageLayout Facing="No">No</PageLayout>
                    <TypewriterScrolling>No</TypewriterScrolling>
                    <LineNumbers Interval="1">No</LineNumbers>
                </Text>
            </Copyholder>
        </Editor1>
        <Editor2>
            <View>
                <ShowHeader>Yes</ShowHeader>
                <ShowFooter>Yes</ShowFooter>
                <GroupsViewMode>Corkboard</GroupsViewMode>
                <CurrentViewMode>Corkboard</CurrentViewMode>
                <SelectionAffects>None</SelectionAffects>
                <Content>
                    <ItemID>31AD73E2-2C69-476F-8DED-4BA57802A11F</ItemID>
                </Content>
                <NavigationHistory CurrentIndex="0">
                    <HistoryItem Type="BinderItems" ViewMode="Corkboard">31AD73E2-2C69-476F-8DED-4BA57802A11F</HistoryItem>
                </NavigationHistory>
            </View>
            <Text>
                <ShowRuler>No</ShowRuler>
                <PageLayout Facing="No">No</PageLayout>
                <TypewriterScrolling>No</TypewriterScrolling>
                <LineNumbers Interval="1">No</LineNumbers>
                <Selection>0,0</Selection>
            </Text>
            <Outliner>
                <Columns>
                    <ColID>title</ColID>
                    <ColID>label</ColID>
                    <ColID>status</ColID>
                    <ColID>sectionType</ColID>
                </Columns>
                <TitlesOnly>No</TitlesOnly>
                <HideIcons>No</HideIcons>
                <ShowNumbers>Yes</ShowNumbers>
                <KeywordsAsChips>No</KeywordsAsChips>
                <FixedRowHeights>No</FixedRowHeights>
            </Outliner>
            <Corkboard>
                <CardsAcross>-1</CardsAcross>
                <KeywordChips>5</KeywordChips>
                <SizeCardsToFit>No</SizeCardsToFit>
                <CardHeightRatio>0.6666</CardHeightRatio>
                <SectionsArrangement>Wrap</SectionsArrangement>
                <LabelThreadsUseColumns>No</LabelThreadsUseColumns>
            </Corkboard>
            <Copyholder PreferredOrientation="Vertical" VerticalPos="Right" HorizontalPos="Top">
                <Content></Content>
                <Text>
                    <ShowRuler>No</ShowRuler>
                    <PageLayout Facing="No">No</PageLayout>
                    <TypewriterScrolling>No</TypewriterScrolling>
                    <LineNumbers Interval="1">No</LineNumbers>
                </Text>
            </Copyholder>
        </Editor2>
    </Editors>
</UIStates>
